﻿<?xml version="1.0" encoding="UTF-8"?>
<!DOCTYPE plist PUBLIC "-//Apple Computer//DTD PLIST 1.0//EN" "http://www.apple.com/DTDs/PropertyList-1.0.dtd">
<plist version="1.0">
  <dict>
    <key>Major Version</key>
    <integer>1</integer>
    <key>Minor Version</key>
    <integer>1</integer>
    <key>Date</key>
    <date>2018-08-07T13:36:15Z</date>
    <key>Application Version</key>
    <string>12.8.0.150</string>
    <key>Features</key>
    <integer>5</integer>
    <key>Show Content Ratings</key>
    <true/>
    <key>Music Folder</key>
    <string>file://localhost/P:/Music/</string>
    <key>Library Persistent ID</key>
    <string>0472F8AA57FD57AE</string>
    <key>Tracks</key>
    <dict>
      <key>3063</key>
      <dict>
        <key>Track ID</key>
        <integer>16445</integer>
        <key>Name</key>
        <string>When I'm Gone</string>
        <key>Artist</key>
        <string>3 Doors Down</string>
        <key>Album Artist</key>
        <string>3 Doors Down</string>
        <key>Composer</key>
        <string>Brad Arnold/C. "DJ Smooth" Henderson/Matt Roberts/Todd Harrell</string>
        <key>Album</key>
        <string>Away From The Sun</string>
        <key>Genre</key>
        <string>Rock</string>
        <key>Kind</key>
        <string>AAC audio file</string>
        <key>Size</key>
        <integer>4298973</integer>
        <key>Total Time</key>
        <integer>261919</integer>
        <key>Disc Number</key>
        <integer>1</integer>
        <key>Disc Count</key>
        <integer>1</integer>
        <key>Track Number</key>
        <integer>1</integer>
        <key>Year</key>
        <integer>2002</integer>
        <key>Date Modified</key>
        <date>2013-06-11T21:24:14Z</date>
        <key>Date Added</key>
        <date>2017-08-30T01:53:27Z</date>
        <key>Bit Rate</key>
        <integer>128</integer>
        <key>Sample Rate</key>
        <integer>44100</integer>
        <key>Play Count</key>
        <integer>54</integer>
        <key>Play Date</key>
        <integer>3572238134</integer>
        <key>Play Date UTC</key>
        <date>2017-03-13T13:22:14Z</date>
        <key>Skip Count</key>
        <integer>2</integer>
        <key>Skip Date</key>
        <date>2014-06-18T12:51:59Z</date>
        <key>Rating</key>
        <integer>80</integer>
        <key>Album Rating</key>
        <integer>80</integer>
        <key>Album Rating Computed</key>
        <true/>
        <key>Normalization</key>
        <integer>5347</integer>
        <key>Artwork Count</key>
        <integer>1</integer>
        <key>Persistent ID</key>
        <string>AACFF77027CEFA7F</string>
        <key>Track Type</key>
        <string>File</string>
        <key>Location</key>
        <string>
          file://localhost/P:/Music/3%20Doors%20Down/
          Away%20From%20The%20Sun/01%20When%20I'm%20Gone.m4a
        </string>
        <key>File Folder Count</key>
        <integer>4</integer>
        <key>Library Folder Count</key>
        <integer>1</integer>
      </dict>
      <key>3063</key>
      <dict>
        // MORE SONG INFORMATION HERE
      </dict>
    </dict>
  </dict>  
</plist>