<?xml version="1.0" standalone="yes" ?>
<USStates>
	<USState>
		<StateCode>AK</StateCode>
		<StateName>Alaska</StateName>
		<Capital>Juneau</Capital>
	</USState>
	<USState>
		<StateCode>AL</StateCode>
		<StateName>Alabama</StateName>
		<Capital>Montgomery</Capital>
	</USState>
	<USState>
		<StateCode>AR</StateCode>
		<StateName>Arkansas</StateName>
		<Capital>Little Rock</Capital>
	</USState>
	<USState>
		<StateCode>AZ</StateCode>
		<StateName>Arizona</StateName>
		<Capital>Phoenix</Capital>
	</USState>
	<USState>
		<StateCode>CA</StateCode>
		<StateName>California</StateName>
		<Capital>Sacramento</Capital>
	</USState>
	<USState>
		<StateCode>CO</StateCode>
		<StateName>Colorado</StateName>
		<Capital>Denver</Capital>
	</USState>
	<USState>
		<StateCode>CT</StateCode>
		<StateName>Connecticut</StateName>
		<Capital>Hartford</Capital>
	</USState>
	<USState>
		<StateCode>DC</StateCode>
		<StateName>District of Columbia</StateName>
		<Capital></Capital>
	</USState>
	<USState>
		<StateCode>DE</StateCode>
		<StateName>Delaware</StateName>
		<Capital>Dover</Capital>
	</USState>
	<USState>
		<StateCode>FL</StateCode>
		<StateName>Florida</StateName>
		<Capital>Tallahassee</Capital>
	</USState>
	<USState>
		<StateCode>GA</StateCode>
		<StateName>Georgia</StateName>
		<Capital>Atlanta</Capital>
	</USState>
	<USState>
		<StateCode>HI</StateCode>
		<StateName>Hawaii</StateName>
		<Capital>Honolulu</Capital>
	</USState>
	<USState>
		<StateCode>IA</StateCode>
		<StateName>Iowa</StateName>
		<Capital>Des Moines</Capital>
	</USState>
	<USState>
		<StateCode>ID</StateCode>
		<StateName>Idaho</StateName>
		<Capital>Boise</Capital>
	</USState>
	<USState>
		<StateCode>IL</StateCode>
		<StateName>Illinois</StateName>
		<Capital>Springfield</Capital>
	</USState>
	<USState>
		<StateCode>IN</StateCode>
		<StateName>Indiana</StateName>
		<Capital>Indianapolis</Capital>
	</USState>
	<USState>
		<StateCode>KS</StateCode>
		<StateName>Kansas</StateName>
		<Capital>Topeka</Capital>
	</USState>
	<USState>
		<StateCode>KY</StateCode>
		<StateName>Kentucky</StateName>
		<Capital>Frankfort</Capital>
	</USState>
	<USState>
		<StateCode>LA</StateCode>
		<StateName>Louisiana</StateName>
		<Capital>Baton Rouge</Capital>
	</USState>
	<USState>
		<StateCode>MA</StateCode>
		<StateName>Massachusetts</StateName>
		<Capital>Boston</Capital>
	</USState>
	<USState>
		<StateCode>MD</StateCode>
		<StateName>Maryland</StateName>
		<Capital>Annapolis</Capital>
	</USState>
	<USState>
		<StateCode>ME</StateCode>
		<StateName>Maine</StateName>
		<Capital>Augusta</Capital>
	</USState>
	<USState>
		<StateCode>MI</StateCode>
		<StateName>Michigan</StateName>
		<Capital>Lansing</Capital>
	</USState>
	<USState>
		<StateCode>MN</StateCode>
		<StateName>Minnesota</StateName>
		<Capital>St. Paul</Capital>
	</USState>
	<USState>
		<StateCode>MO</StateCode>
		<StateName>Missouri</StateName>
		<Capital>Jefferson City</Capital>
	</USState>
	<USState>
		<StateCode>MS</StateCode>
		<StateName>Mississippi</StateName>
		<Capital>Jackson</Capital>
	</USState>
	<USState>
		<StateCode>MT</StateCode>
		<StateName>Montana</StateName>
		<Capital>Helena</Capital>
	</USState>
	<USState>
		<StateCode>NC</StateCode>
		<StateName>North Carolina</StateName>
		<Capital>Raleigh</Capital>
	</USState>
	<USState>
		<StateCode>ND</StateCode>
		<StateName>North Dakota</StateName>
		<Capital>Bismark</Capital>
	</USState>
	<USState>
		<StateCode>NE</StateCode>
		<StateName>Nebraska</StateName>
		<Capital>Lincoln</Capital>
	</USState>
	<USState>
		<StateCode>NH</StateCode>
		<StateName>New Hampshire</StateName>
		<Capital>Concord</Capital>
	</USState>
	<USState>
		<StateCode>NJ</StateCode>
		<StateName>New Jersey</StateName>
		<Capital>Trenton</Capital>
	</USState>
	<USState>
		<StateCode>NM</StateCode>
		<StateName>New Mexico</StateName>
		<Capital>Santa Fe</Capital>
	</USState>
	<USState>
		<StateCode>NV</StateCode>
		<StateName>Nevada</StateName>
		<Capital>Carson City</Capital>
	</USState>
	<USState>
		<StateCode>NY</StateCode>
		<StateName>New York</StateName>
		<Capital>Albany</Capital>
	</USState>
	<USState>
		<StateCode>OH</StateCode>
		<StateName>Ohio</StateName>
		<Capital>Columbus</Capital>
	</USState>
	<USState>
		<StateCode>OK</StateCode>
		<StateName>Oklahoma</StateName>
		<Capital>Oklahoma City</Capital>
	</USState>
	<USState>
		<StateCode>OR</StateCode>
		<StateName>Oregon</StateName>
		<Capital>Salem</Capital>
	</USState>
	<USState>
		<StateCode>PA</StateCode>
		<StateName>Pennsylvania</StateName>
		<Capital>Harrisburg</Capital>
	</USState>
	<USState>
		<StateCode>RI</StateCode>
		<StateName>Rhode Island</StateName>
		<Capital>Providence</Capital>
	</USState>
	<USState>
		<StateCode>SC</StateCode>
		<StateName>South Carolina</StateName>
		<Capital>Columbia</Capital>
	</USState>
	<USState>
		<StateCode>SD</StateCode>
		<StateName>South Dakota</StateName>
		<Capital>Pierre</Capital>
	</USState>
	<USState>
		<StateCode>TN</StateCode>
		<StateName>Tennessee</StateName>
		<Capital>Nashville</Capital>
	</USState>
	<USState>
		<StateCode>TX</StateCode>
		<StateName>Texas</StateName>
		<Capital>Austin</Capital>
	</USState>
	<USState>
		<StateCode>UT</StateCode>
		<StateName>Utah</StateName>
		<Capital>Salt Lake City</Capital>
	</USState>
	<USState>
		<StateCode>VA</StateCode>
		<StateName>Virginia</StateName>
		<Capital>Richmond</Capital>
	</USState>
	<USState>
		<StateCode>VT</StateCode>
		<StateName>Vermont</StateName>
		<Capital>Montpelier</Capital>
	</USState>
	<USState>
		<StateCode>WA</StateCode>
		<StateName>Washington</StateName>
		<Capital>Olympia</Capital>
	</USState>
	<USState>
		<StateCode>WI</StateCode>
		<StateName>Wisconsin</StateName>
		<Capital>Madison</Capital>
	</USState>
	<USState>
		<StateCode>WV</StateCode>
		<StateName>West Virginia</StateName>
		<Capital>Charleston</Capital>
	</USState>
	<USState>
		<StateCode>WY</StateCode>
		<StateName>Wyoming</StateName>
		<Capital>Cheyenne</Capital>
	</USState>
</USStates>