﻿<?xml version="1.0" encoding="utf-8" ?>
<Vendors>
  <Vendor>
    <VendorId>1</VendorId>
    <VendorName>Microsoft</VendorName>
    <AssemblyName>Vendor.Microsoft</AssemblyName>
    <ClassName>Vendor.Microsoft</ClassName>
  </Vendor>
  <Vendor>
    <VendorId>2</VendorId>
    <VendorName>Apple</VendorName>
    <AssemblyName>Vendor.Apple</AssemblyName>
    <ClassName>Vendor.Apple</ClassName>
  </Vendor>
  <Vendor>
    <VendorId>3</VendorId>
    <VendorName>Google</VendorName>
    <AssemblyName>Vendor.Google</AssemblyName>
    <ClassName>Vendor.Google</ClassName>
  </Vendor>
</Vendors>